group,occupation,n_skills,exposure,pct_2023,pct_2026,change_pp
accepting feedback,All,5,0.552,0.48,0.57,0.09
accepting feedback,Marketing Managers,5,0.552,0.57,0.5,-0.07
accepting feedback,Human Resources Managers,5,0.552,0.61,1.25,0.64
accepting feedback,Financial Managers,5,0.552,0.3,0.38,0.08
accounting and taxation,All,11,0.595,10.28,11.67,1.39
accounting and taxation,Marketing Managers,11,0.595,1.59,1.63,0.04
accounting and taxation,Human Resources Managers,11,0.595,1.92,3.35,1.43
accounting and taxation,Financial Managers,11,0.595,26.75,35.83,9.08
adapt to change,All,9,0.399,0.99,1.61,0.62
adapt to change,Marketing Managers,9,0.399,0.94,1.58,0.64
adapt to change,Human Resources Managers,9,0.399,1.56,1.98,0.42
adapt to change,Financial Managers,9,0.399,0.82,1.5,0.68
administering human resources,All,3,0.543,0.15,0.25,0.1
administering human resources,Marketing Managers,3,0.543,0.0,0.0,0.0
administering human resources,Human Resources Managers,3,0.543,0.74,1.04,0.3
administering human resources,Financial Managers,3,0.543,0.12,0.38,0.26
advising and consulting,All,7,0.444,2.24,2.64,0.4
advising and consulting,Marketing Managers,7,0.444,3.14,2.17,-0.97
advising and consulting,Human Resources Managers,7,0.444,1.64,2.28,0.64
advising and consulting,Financial Managers,7,0.444,1.15,3.75,2.6
advising on business or operational matters,All,8,0.402,0.31,0.7,0.39
advising on business or operational matters,Marketing Managers,8,0.402,0.25,0.71,0.46
advising on business or operational matters,Human Resources Managers,8,0.402,0.29,1.05,0.76
advising on business or operational matters,Financial Managers,8,0.402,0.4,0.53,0.13
"advising on legal, regulatory or procedural matters",All,27,0.476,0.51,0.69,0.18
"advising on legal, regulatory or procedural matters",Marketing Managers,27,0.476,0.15,0.51,0.36
"advising on legal, regulatory or procedural matters",Human Resources Managers,27,0.476,0.53,0.61,0.08
"advising on legal, regulatory or procedural matters",Financial Managers,27,0.476,1.05,1.09,0.04
advising on products and services,All,18,0.384,2.6,1.67,-0.93
advising on products and services,Marketing Managers,18,0.384,1.15,1.4,0.25
advising on products and services,Human Resources Managers,18,0.384,7.12,2.29,-4.83
advising on products and services,Financial Managers,18,0.384,2.84,1.94,-0.9
advising on workplace health and safety issues,All,5,0.448,2.02,2.45,0.43
advising on workplace health and safety issues,Marketing Managers,5,0.448,1.27,2.26,0.99
advising on workplace health and safety issues,Human Resources Managers,5,0.448,7.49,4.72,-2.77
advising on workplace health and safety issues,Financial Managers,5,0.448,0.8,1.76,0.96
advocating for individual or community needs,All,31,0.475,1.51,2.09,0.58
advocating for individual or community needs,Marketing Managers,31,0.475,1.31,2.43,1.12
advocating for individual or community needs,Human Resources Managers,31,0.475,2.74,2.47,-0.27
advocating for individual or community needs,Financial Managers,31,0.475,1.27,1.23,-0.04
allocating and controlling resources,All,6,0.5,1.1,0.77,-0.33
allocating and controlling resources,Marketing Managers,6,0.5,0.45,0.74,0.29
allocating and controlling resources,Human Resources Managers,6,0.5,3.68,1.23,-2.45
allocating and controlling resources,Financial Managers,6,0.5,0.98,0.62,-0.36
analysing and evaluating information and data,All,43,0.604,2.66,2.43,-0.23
analysing and evaluating information and data,Marketing Managers,43,0.604,2.66,2.5,-0.16
analysing and evaluating information and data,Human Resources Managers,43,0.604,2.74,3.48,0.74
analysing and evaluating information and data,Financial Managers,43,0.604,2.63,1.8,-0.83
analysing business operations,All,56,0.594,9.5,9.39,-0.11
analysing business operations,Marketing Managers,56,0.594,10.03,10.3,0.27
analysing business operations,Human Resources Managers,56,0.594,3.97,6.19,2.22
analysing business operations,Financial Managers,56,0.594,11.08,9.04,-2.04
analysing financial and economic data,All,27,0.617,4.09,3.29,-0.8
analysing financial and economic data,Marketing Managers,27,0.617,3.8,2.51,-1.29
analysing financial and economic data,Human Resources Managers,27,0.617,2.7,3.27,0.57
analysing financial and economic data,Financial Managers,27,0.617,5.11,4.9,-0.21
analysing scientific and medical data,All,20,0.611,2.49,5.42,2.93
analysing scientific and medical data,Marketing Managers,20,0.611,3.21,7.49,4.28
analysing scientific and medical data,Human Resources Managers,20,0.611,0.86,1.79,0.93
analysing scientific and medical data,Financial Managers,20,0.611,2.11,2.96,0.85
apply quality standards,All,8,0.549,0.35,1.28,0.93
apply quality standards,Marketing Managers,8,0.549,0.18,1.02,0.84
apply quality standards,Human Resources Managers,8,0.549,0.61,2.33,1.72
apply quality standards,Financial Managers,8,0.549,0.51,1.3,0.79
artistic and creative writing,All,17,0.599,0.86,1.19,0.33
artistic and creative writing,Marketing Managers,17,0.599,1.33,1.67,0.34
artistic and creative writing,Human Resources Managers,17,0.599,0.2,0.4,0.2
artistic and creative writing,Financial Managers,17,0.599,0.44,0.59,0.15
assembling and fabricating products,All,15,0.491,7.27,5.63,-1.64
assembling and fabricating products,Marketing Managers,15,0.491,9.32,6.88,-2.44
assembling and fabricating products,Human Resources Managers,15,0.491,5.03,5.28,0.25
assembling and fabricating products,Financial Managers,15,0.491,5.16,3.27,-1.89
assessing land or real estate,All,10,0.513,0.47,0.57,0.1
assessing land or real estate,Marketing Managers,10,0.513,0.26,0.22,-0.04
assessing land or real estate,Human Resources Managers,10,0.513,0.04,0.07,0.03
assessing land or real estate,Financial Managers,10,0.513,0.96,1.51,0.55
assigning work to others,All,3,0.5,3.35,3.75,0.4
assigning work to others,Marketing Managers,3,0.5,2.11,3.28,1.17
assigning work to others,Human Resources Managers,3,0.5,5.44,4.48,-0.96
assigning work to others,Financial Managers,3,0.5,4.29,4.36,0.07
assisting people with mobility,All,4,0.435,0.79,0.7,-0.09
assisting people with mobility,Marketing Managers,4,0.435,0.72,0.48,-0.24
assisting people with mobility,Human Resources Managers,4,0.435,1.51,2.07,0.56
assisting people with mobility,Financial Managers,4,0.435,0.59,0.48,-0.11
assume responsibility,All,3,0.37,2.88,1.94,-0.94
assume responsibility,Marketing Managers,3,0.37,3.01,1.92,-1.09
assume responsibility,Human Resources Managers,3,0.37,2.82,1.91,-0.91
assume responsibility,Financial Managers,3,0.37,2.7,1.99,-0.71
assure quality of processes and products,All,8,0.516,1.03,1.06,0.03
assure quality of processes and products,Marketing Managers,8,0.516,0.55,0.64,0.09
assure quality of processes and products,Human Resources Managers,8,0.516,0.9,2.06,1.16
assure quality of processes and products,Financial Managers,8,0.516,1.8,1.45,-0.35
audio-visual techniques and media production,All,55,0.526,3.21,4.63,1.42
audio-visual techniques and media production,Marketing Managers,55,0.526,5.36,7.36,2.0
audio-visual techniques and media production,Human Resources Managers,55,0.526,1.19,1.01,-0.18
audio-visual techniques and media production,Financial Managers,55,0.526,0.87,0.83,-0.04
biology,All,22,0.506,1.98,2.3,0.32
biology,Marketing Managers,22,0.506,2.42,2.44,0.02
biology,Human Resources Managers,22,0.506,1.43,1.86,0.43
biology,Financial Managers,22,0.506,1.57,2.22,0.65
building and civil engineering,All,20,0.507,0.53,0.99,0.46
building and civil engineering,Marketing Managers,20,0.507,0.7,0.74,0.04
building and civil engineering,Human Resources Managers,20,0.507,0.57,3.32,2.75
building and civil engineering,Financial Managers,20,0.507,0.24,0.42,0.18
building and developing teams,All,11,0.37,3.52,3.91,0.39
building and developing teams,Marketing Managers,11,0.37,4.63,4.48,-0.15
building and developing teams,Human Resources Managers,11,0.37,4.13,4.49,0.36
building and developing teams,Financial Managers,11,0.37,1.6,2.49,0.89
care of the elderly and of disabled adults,All,12,0.468,7.82,10.0,2.18
care of the elderly and of disabled adults,Marketing Managers,12,0.468,5.64,8.94,3.3
care of the elderly and of disabled adults,Human Resources Managers,12,0.468,6.79,12.83,6.04
care of the elderly and of disabled adults,Financial Managers,12,0.468,11.48,10.81,-0.67
coaching and mentoring,All,29,0.415,3.38,2.19,-1.19
coaching and mentoring,Marketing Managers,29,0.415,3.13,1.81,-1.32
coaching and mentoring,Human Resources Managers,29,0.415,4.09,4.14,0.05
coaching and mentoring,Financial Managers,29,0.415,3.45,2.03,-1.42
"communication, collaboration and creativity",All,7,0.444,5.57,5.73,0.16
"communication, collaboration and creativity",Marketing Managers,7,0.444,7.5,6.76,-0.74
"communication, collaboration and creativity",Human Resources Managers,7,0.444,4.34,3.59,-0.75
"communication, collaboration and creativity",Financial Managers,7,0.444,3.22,4.64,1.42
complying with environmental protection laws and standards,All,27,0.5,6.22,4.66,-1.56
complying with environmental protection laws and standards,Marketing Managers,27,0.5,5.04,3.16,-1.88
complying with environmental protection laws and standards,Human Resources Managers,27,0.5,4.54,3.66,-0.88
complying with environmental protection laws and standards,Financial Managers,27,0.5,8.68,8.16,-0.52
complying with health and safety procedures,All,68,0.42,2.31,2.87,0.56
complying with health and safety procedures,Marketing Managers,68,0.42,1.47,2.08,0.61
complying with health and safety procedures,Human Resources Managers,68,0.42,5.16,5.33,0.17
complying with health and safety procedures,Financial Managers,68,0.42,2.35,3.29,0.94
complying with legal and organisational guidelines,All,81,0.502,12.43,12.91,0.48
complying with legal and organisational guidelines,Marketing Managers,81,0.502,7.49,10.34,2.85
complying with legal and organisational guidelines,Human Resources Managers,81,0.502,19.44,19.59,0.15
complying with legal and organisational guidelines,Financial Managers,81,0.502,16.78,14.97,-1.81
computer use,All,40,0.555,4.57,6.47,1.9
computer use,Marketing Managers,40,0.555,5.62,6.88,1.26
computer use,Human Resources Managers,40,0.555,3.07,8.74,5.67
computer use,Financial Managers,40,0.555,3.66,4.58,0.92
conducting investigations,All,88,0.562,9.1,7.11,-1.99
conducting investigations,Marketing Managers,88,0.562,6.46,7.36,0.9
conducting investigations,Human Resources Managers,88,0.562,7.53,6.65,-0.88
conducting investigations,Financial Managers,88,0.562,13.68,6.84,-6.84
"conducting studies, investigations and examinations",All,13,0.55,1.62,1.27,-0.35
"conducting studies, investigations and examinations",Marketing Managers,13,0.55,2.17,1.71,-0.46
"conducting studies, investigations and examinations",Human Resources Managers,13,0.55,0.08,0.33,0.25
"conducting studies, investigations and examinations",Financial Managers,13,0.55,1.46,0.82,-0.64
coordinating activities with others,All,113,0.415,24.93,30.13,5.2
coordinating activities with others,Marketing Managers,113,0.415,23.85,28.5,4.65
coordinating activities with others,Human Resources Managers,113,0.415,19.93,31.05,11.12
coordinating activities with others,Financial Managers,113,0.415,28.65,32.98,4.33
"counselling on personal, family or social issues",All,10,0.383,1.03,0.79,-0.24
"counselling on personal, family or social issues",Marketing Managers,10,0.383,0.43,0.45,0.02
"counselling on personal, family or social issues",Human Resources Managers,10,0.383,4.05,2.14,-1.91
"counselling on personal, family or social issues",Financial Managers,10,0.383,0.63,0.86,0.23
creating artistic designs or performances,All,38,0.483,4.85,7.86,3.01
creating artistic designs or performances,Marketing Managers,38,0.483,7.21,10.61,3.4
creating artistic designs or performances,Human Resources Managers,38,0.483,2.91,6.84,3.93
creating artistic designs or performances,Financial Managers,38,0.483,2.16,2.79,0.63
"creating artistic, visual or instructive materials",All,7,0.463,4.55,6.8,2.25
"creating artistic, visual or instructive materials",Marketing Managers,7,0.463,6.61,8.74,2.13
"creating artistic, visual or instructive materials",Human Resources Managers,7,0.463,0.98,3.34,2.36
"creating artistic, visual or instructive materials",Financial Managers,7,0.463,3.0,4.51,1.51
creating visual displays and decorations,All,30,0.522,1.45,2.33,0.88
creating visual displays and decorations,Marketing Managers,30,0.522,2.39,3.09,0.7
creating visual displays and decorations,Human Resources Managers,30,0.522,0.61,1.65,1.04
creating visual displays and decorations,Financial Managers,30,0.522,0.4,1.11,0.71
database and network design and administration,All,91,0.587,13.53,19.69,6.16
database and network design and administration,Marketing Managers,91,0.587,16.55,20.86,4.31
database and network design and administration,Human Resources Managers,91,0.587,11.67,17.01,5.34
database and network design and administration,Financial Managers,91,0.587,9.85,18.58,8.73
demonstrate consideration,All,12,0.359,4.06,4.87,0.81
demonstrate consideration,Marketing Managers,12,0.359,3.55,4.63,1.08
demonstrate consideration,Human Resources Managers,12,0.359,8.31,7.93,-0.38
demonstrate consideration,Financial Managers,12,0.359,3.0,3.92,0.92
demonstrate enthusiasm,All,4,0.5,1.35,1.36,0.01
demonstrate enthusiasm,Marketing Managers,4,0.5,1.52,1.5,-0.02
demonstrate enthusiasm,Human Resources Managers,4,0.5,1.39,1.09,-0.3
demonstrate enthusiasm,Financial Managers,4,0.5,1.06,1.22,0.16
designing ict systems or applications,All,23,0.589,1.3,3.3,2.0
designing ict systems or applications,Marketing Managers,23,0.589,1.88,3.34,1.46
designing ict systems or applications,Human Resources Managers,23,0.589,0.98,3.55,2.57
designing ict systems or applications,Financial Managers,23,0.589,0.58,3.09,2.51
designing systems and products,All,16,0.508,10.18,10.63,0.45
designing systems and products,Marketing Managers,16,0.508,14.99,13.89,-1.1
designing systems and products,Human Resources Managers,16,0.508,2.78,5.79,3.01
designing systems and products,Financial Managers,16,0.508,6.19,6.3,0.11
determining values of goods or services,All,12,0.5,0.97,1.13,0.16
determining values of goods or services,Marketing Managers,12,0.5,1.09,1.25,0.16
determining values of goods or services,Human Resources Managers,12,0.5,0.49,0.72,0.23
determining values of goods or services,Financial Managers,12,0.5,0.99,1.09,0.1
developing contingency and emergency response plans,All,17,0.523,0.84,0.67,-0.17
developing contingency and emergency response plans,Marketing Managers,17,0.523,0.36,0.4,0.04
developing contingency and emergency response plans,Human Resources Managers,17,0.523,1.23,1.18,-0.05
developing contingency and emergency response plans,Financial Managers,17,0.523,1.38,0.96,-0.42
developing educational programmes,All,22,0.482,4.08,3.57,-0.51
developing educational programmes,Marketing Managers,22,0.482,3.42,3.04,-0.38
developing educational programmes,Human Resources Managers,22,0.482,7.08,6.28,-0.8
developing educational programmes,Financial Managers,22,0.482,3.76,3.36,-0.4
"developing financial, business or marketing plans",All,59,0.509,26.73,26.86,0.13
"developing financial, business or marketing plans",Marketing Managers,59,0.509,38.41,33.47,-4.94
"developing financial, business or marketing plans",Human Resources Managers,59,0.509,10.19,13.46,3.27
"developing financial, business or marketing plans",Financial Managers,59,0.509,16.4,19.81,3.41
developing health programmes,All,14,0.519,0.3,0.9,0.6
developing health programmes,Marketing Managers,14,0.519,0.49,1.2,0.71
developing health programmes,Human Resources Managers,14,0.519,0.08,0.63,0.55
developing health programmes,Financial Managers,14,0.519,0.1,0.41,0.31
developing instructive or promotional materials,All,27,0.519,2.27,2.57,0.3
developing instructive or promotional materials,Marketing Managers,27,0.519,3.44,3.31,-0.13
developing instructive or promotional materials,Human Resources Managers,27,0.519,1.11,1.94,0.83
developing instructive or promotional materials,Financial Managers,27,0.519,1.03,1.36,0.33
developing objectives and strategies,All,18,0.507,6.94,7.84,0.9
developing objectives and strategies,Marketing Managers,18,0.507,8.14,9.07,0.93
developing objectives and strategies,Human Resources Managers,18,0.507,6.18,7.59,1.41
developing objectives and strategies,Financial Managers,18,0.507,5.47,5.5,0.03
developing operational policies and procedures,All,88,0.504,20.58,22.49,1.91
developing operational policies and procedures,Marketing Managers,88,0.504,15.8,17.3,1.5
developing operational policies and procedures,Human Resources Managers,88,0.504,26.69,30.7,4.01
developing operational policies and procedures,Financial Managers,88,0.504,25.1,29.13,4.03
developing professional relationships or networks,All,48,0.403,19.32,21.4,2.08
developing professional relationships or networks,Marketing Managers,48,0.403,20.31,21.96,1.65
developing professional relationships or networks,Human Resources Managers,48,0.403,13.47,18.24,4.77
developing professional relationships or networks,Financial Managers,48,0.403,20.36,21.76,1.4
developing research plans,All,9,0.529,1.15,1.05,-0.1
developing research plans,Marketing Managers,9,0.529,1.29,1.24,-0.05
developing research plans,Human Resources Managers,9,0.529,0.57,0.87,0.3
developing research plans,Financial Managers,9,0.529,1.19,0.77,-0.42
developing solutions,All,17,0.492,8.25,9.26,1.01
developing solutions,Marketing Managers,17,0.492,8.38,7.71,-0.67
developing solutions,Human Resources Managers,17,0.492,10.32,9.13,-1.19
developing solutions,Financial Managers,17,0.492,7.18,12.46,5.28
directing operational activities,All,126,0.477,16.21,19.03,2.82
directing operational activities,Marketing Managers,126,0.477,19.64,20.99,1.35
directing operational activities,Human Resources Managers,126,0.477,12.57,16.91,4.34
directing operational activities,Financial Managers,126,0.477,12.65,16.07,3.42
earth sciences,All,20,0.513,1.26,1.71,0.45
earth sciences,Marketing Managers,20,0.513,1.27,1.74,0.47
earth sciences,Human Resources Managers,20,0.513,1.23,1.13,-0.1
earth sciences,Financial Managers,20,0.513,1.27,1.91,0.64
economics,All,7,0.519,0.99,1.02,0.03
economics,Marketing Managers,7,0.519,1.1,1.06,-0.04
economics,Human Resources Managers,7,0.519,0.49,0.59,0.1
economics,Financial Managers,7,0.519,1.03,1.14,0.11
education science,All,12,0.5,4.3,4.14,-0.16
education science,Marketing Managers,12,0.5,4.57,4.46,-0.11
education science,Human Resources Managers,12,0.5,4.46,3.99,-0.47
education science,Financial Managers,12,0.5,3.83,3.59,-0.24
electronics and automation,All,52,0.517,4.63,7.97,3.34
electronics and automation,Marketing Managers,52,0.517,6.0,8.49,2.49
electronics and automation,Human Resources Managers,52,0.517,2.05,8.79,6.74
electronics and automation,Financial Managers,52,0.517,3.69,6.54,2.85
engaging with others to identify needs,All,20,0.422,10.2,12.49,2.29
engaging with others to identify needs,Marketing Managers,20,0.422,12.46,13.2,0.74
engaging with others to identify needs,Human Resources Managers,20,0.422,4.83,10.66,5.83
engaging with others to identify needs,Financial Managers,20,0.422,9.11,11.92,2.81
engineering and engineering trades not elsewhere classified,All,3,0.5,0.6,1.53,0.93
engineering and engineering trades not elsewhere classified,Marketing Managers,3,0.5,0.54,1.48,0.94
engineering and engineering trades not elsewhere classified,Human Resources Managers,3,0.5,0.04,2.15,2.11
engineering and engineering trades not elsewhere classified,Financial Managers,3,0.5,0.92,1.36,0.44
entering and transforming information,All,22,0.599,2.05,1.05,-1.0
entering and transforming information,Marketing Managers,22,0.599,0.62,0.89,0.27
entering and transforming information,Human Resources Managers,22,0.599,0.82,0.88,0.06
entering and transforming information,Financial Managers,22,0.599,4.69,1.46,-3.23
environmental sciences,All,9,0.5,1.57,1.85,0.28
environmental sciences,Marketing Managers,9,0.5,1.38,1.7,0.32
environmental sciences,Human Resources Managers,9,0.5,2.17,3.06,0.89
environmental sciences,Financial Managers,9,0.5,1.6,1.59,-0.01
estimating resource needs,All,12,0.532,3.09,3.93,0.84
estimating resource needs,Marketing Managers,12,0.532,3.55,2.9,-0.65
estimating resource needs,Human Resources Managers,12,0.532,0.82,1.78,0.96
estimating resource needs,Financial Managers,12,0.532,3.36,7.01,3.65
"evaluating systems, programmes, equipment and products",All,18,0.548,0.43,0.8,0.37
"evaluating systems, programmes, equipment and products",Marketing Managers,18,0.548,0.26,0.49,0.23
"evaluating systems, programmes, equipment and products",Human Resources Managers,18,0.548,1.23,1.27,0.04
"evaluating systems, programmes, equipment and products",Financial Managers,18,0.548,0.35,1.2,0.85
executing financial transactions,All,29,0.513,7.34,8.17,0.83
executing financial transactions,Marketing Managers,29,0.513,2.99,4.5,1.51
executing financial transactions,Human Resources Managers,29,0.513,1.35,2.36,1.01
executing financial transactions,Financial Managers,29,0.513,16.36,18.31,1.95
"finance, banking and insurance",All,37,0.518,17.27,15.65,-1.62
"finance, banking and insurance",Marketing Managers,37,0.518,8.75,7.59,-1.16
"finance, banking and insurance",Human Resources Managers,37,0.518,2.7,4.67,1.97
"finance, banking and insurance",Financial Managers,37,0.518,36.13,37.05,0.92
fisheries,All,6,0.5,0.54,1.04,0.5
fisheries,Marketing Managers,6,0.5,0.96,1.63,0.67
fisheries,Human Resources Managers,6,0.5,0.12,0.33,0.21
fisheries,Financial Managers,6,0.5,0.09,0.21,0.12
follow ethical code of conduct,All,11,0.382,0.63,1.07,0.44
follow ethical code of conduct,Marketing Managers,11,0.382,0.39,0.54,0.15
follow ethical code of conduct,Human Resources Managers,11,0.382,0.82,0.45,-0.37
follow ethical code of conduct,Financial Managers,11,0.382,0.91,2.41,1.5
following instructions and procedures,All,8,0.5,2.65,3.62,0.97
following instructions and procedures,Marketing Managers,8,0.5,3.13,3.42,0.29
following instructions and procedures,Human Resources Managers,8,0.5,3.4,5.64,2.24
following instructions and procedures,Financial Managers,8,0.5,1.62,3.07,1.45
gathering information from physical or electronic sources,All,31,0.601,5.15,6.11,0.96
gathering information from physical or electronic sources,Marketing Managers,31,0.601,5.91,7.61,1.7
gathering information from physical or electronic sources,Human Resources Managers,31,0.601,4.67,3.53,-1.14
gathering information from physical or electronic sources,Financial Managers,31,0.601,4.22,4.31,0.09
identifying opportunities,All,23,0.477,5.64,6.05,0.41
identifying opportunities,Marketing Managers,23,0.477,6.53,6.56,0.03
identifying opportunities,Human Resources Managers,23,0.477,3.52,5.42,1.9
identifying opportunities,Financial Managers,23,0.477,5.21,5.32,0.11
implementing new procedures or processes,All,23,0.477,3.82,3.76,-0.06
implementing new procedures or processes,Marketing Managers,23,0.477,4.32,3.1,-1.22
implementing new procedures or processes,Human Resources Managers,23,0.477,3.32,4.8,1.48
implementing new procedures or processes,Financial Managers,23,0.477,3.31,4.61,1.3
interpreting technical documentation and diagrams,All,15,0.517,0.61,0.73,0.12
interpreting technical documentation and diagrams,Marketing Managers,15,0.517,0.49,0.67,0.18
interpreting technical documentation and diagrams,Human Resources Managers,15,0.517,0.0,0.24,0.24
interpreting technical documentation and diagrams,Financial Managers,15,0.517,1.05,1.07,0.02
interviewing,All,13,0.51,4.85,4.95,0.1
interviewing,Marketing Managers,13,0.51,3.53,4.82,1.29
interviewing,Human Resources Managers,13,0.51,12.12,6.58,-5.54
interviewing,Financial Managers,13,0.51,3.71,4.46,0.75
journalism and reporting,All,14,0.546,5.01,8.35,3.34
journalism and reporting,Marketing Managers,14,0.546,7.01,11.71,4.7
journalism and reporting,Human Resources Managers,14,0.546,6.1,5.6,-0.5
journalism and reporting,Financial Managers,14,0.546,1.57,2.86,1.29
languages,All,50,0.5,4.03,4.05,0.02
languages,Marketing Managers,50,0.5,4.06,3.91,-0.15
languages,Human Resources Managers,50,0.5,5.77,4.02,-1.75
languages,Financial Managers,50,0.5,3.26,4.35,1.09
law,All,67,0.502,5.95,5.76,-0.19
law,Marketing Managers,67,0.502,2.72,3.65,0.93
law,Human Resources Managers,67,0.502,18.13,14.61,-3.52
law,Financial Managers,67,0.502,5.56,5.87,0.31
leading and motivating,All,25,0.382,13.12,15.2,2.08
leading and motivating,Marketing Managers,25,0.382,11.26,12.7,1.44
leading and motivating,Human Resources Managers,25,0.382,19.89,23.55,3.66
leading and motivating,Financial Managers,25,0.382,13.02,16.32,3.3
liaising and networking,All,6,0.398,0.41,0.55,0.14
liaising and networking,Marketing Managers,6,0.398,0.36,0.42,0.06
liaising and networking,Human Resources Managers,6,0.398,1.11,1.09,-0.02
liaising and networking,Financial Managers,6,0.398,0.19,0.57,0.38
literature and linguistics,All,20,0.545,1.84,2.03,0.19
literature and linguistics,Marketing Managers,20,0.545,2.49,2.32,-0.17
literature and linguistics,Human Resources Managers,20,0.545,1.02,2.43,1.41
literature and linguistics,Financial Managers,20,0.545,1.24,1.25,0.01
maintaining and enforcing physical security,All,35,0.5,2.73,4.99,2.26
maintaining and enforcing physical security,Marketing Managers,35,0.5,2.6,4.89,2.29
maintaining and enforcing physical security,Human Resources Managers,35,0.5,3.52,8.42,4.9
maintaining and enforcing physical security,Financial Managers,35,0.5,2.58,3.59,1.01
"maintaining electrical, electronic and precision equipment",All,27,0.505,0.66,0.65,-0.01
"maintaining electrical, electronic and precision equipment",Marketing Managers,27,0.505,0.32,0.36,0.04
"maintaining electrical, electronic and precision equipment",Human Resources Managers,27,0.505,2.33,1.12,-1.21
"maintaining electrical, electronic and precision equipment",Financial Managers,27,0.505,0.45,1.03,0.58
maintaining operational records,All,38,0.591,1.35,1.19,-0.16
maintaining operational records,Marketing Managers,38,0.591,1.72,1.04,-0.68
maintaining operational records,Human Resources Managers,38,0.591,1.35,2.16,0.81
maintaining operational records,Financial Managers,38,0.591,0.78,1.03,0.25
making decisions,All,17,0.492,15.26,14.82,-0.44
making decisions,Marketing Managers,17,0.492,13.59,13.6,0.01
making decisions,Human Resources Managers,17,0.492,7.74,13.59,5.85
making decisions,Financial Managers,17,0.492,20.95,17.87,-3.08
making models,All,7,0.556,1.11,0.98,-0.13
making models,Marketing Managers,7,0.556,1.3,0.68,-0.62
making models,Human Resources Managers,7,0.556,0.08,1.09,1.01
making models,Financial Managers,7,0.556,1.27,1.54,0.27
management and administration,All,78,0.498,39.4,41.44,2.04
management and administration,Marketing Managers,78,0.498,36.39,38.42,2.03
management and administration,Human Resources Managers,78,0.498,47.85,49.86,2.01
management and administration,Financial Managers,78,0.498,40.28,43.59,3.31
management skills,All,24,0.484,4.97,4.31,-0.66
management skills,Marketing Managers,24,0.484,2.61,2.31,-0.3
management skills,Human Resources Managers,24,0.484,15.72,11.59,-4.13
management skills,Financial Managers,24,0.484,3.89,4.93,1.04
managing and analysing digital data,All,54,0.627,8.23,12.13,3.9
managing and analysing digital data,Marketing Managers,54,0.627,11.26,15.9,4.64
managing and analysing digital data,Human Resources Managers,54,0.627,5.44,4.89,-0.55
managing and analysing digital data,Financial Managers,54,0.627,4.91,7.9,2.99
managing budgets or finances,All,45,0.506,13.05,13.08,0.03
managing budgets or finances,Marketing Managers,45,0.506,9.39,7.8,-1.59
managing budgets or finances,Human Resources Managers,45,0.506,4.05,5.44,1.39
managing budgets or finances,Financial Managers,45,0.506,22.31,27.32,5.01
managing human resources,All,12,0.511,8.18,7.3,-0.88
managing human resources,Marketing Managers,12,0.511,1.25,2.0,0.75
managing human resources,Human Resources Managers,12,0.511,46.09,37.49,-8.6
managing human resources,Financial Managers,12,0.511,2.32,3.85,1.53
managing information,All,34,0.649,2.44,2.51,0.07
managing information,Marketing Managers,34,0.649,2.13,2.48,0.35
managing information,Human Resources Managers,34,0.649,2.21,2.4,0.19
managing information,Financial Managers,34,0.649,3.0,2.64,-0.36
marketing and advertising,All,44,0.5,32.61,33.08,0.47
marketing and advertising,Marketing Managers,44,0.5,48.45,46.67,-1.78
marketing and advertising,Human Resources Managers,44,0.5,11.79,15.59,3.8
marketing and advertising,Financial Managers,44,0.5,17.93,13.85,-4.08
mathematics,All,11,0.547,2.02,1.63,-0.39
mathematics,Marketing Managers,11,0.547,1.47,1.54,0.07
mathematics,Human Resources Managers,11,0.547,0.25,1.27,1.02
mathematics,Financial Managers,11,0.547,3.59,1.98,-1.61
mechanics and metal trades,All,32,0.5,0.54,1.1,0.56
mechanics and metal trades,Marketing Managers,32,0.5,0.56,1.64,1.08
mechanics and metal trades,Human Resources Managers,32,0.5,1.23,0.26,-0.97
mechanics and metal trades,Financial Managers,32,0.5,0.23,0.4,0.17
mediating and resolving disputes,All,15,0.457,3.73,3.17,-0.56
mediating and resolving disputes,Marketing Managers,15,0.457,3.21,2.73,-0.48
mediating and resolving disputes,Human Resources Managers,15,0.457,5.53,4.35,-1.18
mediating and resolving disputes,Financial Managers,15,0.457,3.73,3.51,-0.22
medical diagnostic and treatment technology,All,32,0.52,1.62,1.32,-0.3
medical diagnostic and treatment technology,Marketing Managers,32,0.52,1.41,1.25,-0.16
medical diagnostic and treatment technology,Human Resources Managers,32,0.52,1.92,1.15,-0.77
medical diagnostic and treatment technology,Financial Managers,32,0.52,1.8,1.55,-0.25
medicine,All,76,0.498,2.05,2.8,0.75
medicine,Marketing Managers,76,0.498,2.76,3.49,0.73
medicine,Human Resources Managers,76,0.498,2.37,2.49,0.12
medicine,Financial Managers,76,0.498,0.85,1.57,0.72
meet commitments,All,4,0.5,1.63,3.27,1.64
meet commitments,Marketing Managers,4,0.5,1.21,2.19,0.98
meet commitments,Human Resources Managers,4,0.5,2.74,5.72,2.98
meet commitments,Financial Managers,4,0.5,1.78,4.29,2.51
meet deadlines and follow schedules,All,9,0.572,3.64,4.18,0.54
meet deadlines and follow schedules,Marketing Managers,9,0.572,2.12,4.31,2.19
meet deadlines and follow schedules,Human Resources Managers,9,0.572,2.91,3.74,0.83
meet deadlines and follow schedules,Financial Managers,9,0.572,6.2,4.13,-2.07
monitoring and evaluating the performance of individuals,All,32,0.492,2.85,2.42,-0.43
monitoring and evaluating the performance of individuals,Marketing Managers,32,0.492,2.17,1.62,-0.55
monitoring and evaluating the performance of individuals,Human Resources Managers,32,0.492,5.81,6.89,1.08
monitoring and evaluating the performance of individuals,Financial Managers,32,0.492,2.6,1.94,-0.66
monitoring developments in area of expertise,All,54,0.534,5.93,6.35,0.42
monitoring developments in area of expertise,Marketing Managers,54,0.534,6.21,6.33,0.12
monitoring developments in area of expertise,Human Resources Managers,54,0.534,5.32,6.43,1.11
monitoring developments in area of expertise,Financial Managers,54,0.534,5.77,6.33,0.56
monitoring financial and economic resources and activity,All,24,0.603,7.01,7.03,0.02
monitoring financial and economic resources and activity,Marketing Managers,24,0.603,1.21,1.79,0.58
monitoring financial and economic resources and activity,Human Resources Managers,24,0.603,2.37,4.7,2.33
monitoring financial and economic resources and activity,Financial Managers,24,0.603,17.6,18.69,1.09
monitoring operational activities,All,39,0.57,1.92,2.73,0.81
monitoring operational activities,Marketing Managers,39,0.57,2.18,3.03,0.85
monitoring operational activities,Human Resources Managers,39,0.57,0.53,1.94,1.41
monitoring operational activities,Financial Managers,39,0.57,2.11,2.5,0.39
monitoring safety or security,All,22,0.518,0.66,0.99,0.33
monitoring safety or security,Marketing Managers,22,0.518,0.3,0.62,0.32
monitoring safety or security,Human Resources Managers,22,0.518,0.82,1.39,0.57
monitoring safety or security,Financial Managers,22,0.518,1.12,1.55,0.43
"monitoring, inspecting and testing",All,11,0.524,0.79,1.01,0.22
"monitoring, inspecting and testing",Marketing Managers,11,0.524,1.1,1.23,0.13
"monitoring, inspecting and testing",Human Resources Managers,11,0.524,0.16,0.49,0.33
"monitoring, inspecting and testing",Financial Managers,11,0.524,0.59,0.82,0.23
"monitoring, inspecting and testing equipment, systems and products",All,91,0.554,7.81,6.45,-1.36
"monitoring, inspecting and testing equipment, systems and products",Marketing Managers,91,0.554,9.73,7.68,-2.05
"monitoring, inspecting and testing equipment, systems and products",Human Resources Managers,91,0.554,5.89,6.54,0.65
"monitoring, inspecting and testing equipment, systems and products",Financial Managers,91,0.554,5.77,3.94,-1.83
"motor vehicles, ships and aircraft",All,18,0.486,0.5,0.82,0.32
"motor vehicles, ships and aircraft",Marketing Managers,18,0.486,0.35,0.63,0.28
"motor vehicles, ships and aircraft",Human Resources Managers,18,0.486,1.6,0.58,-1.02
"motor vehicles, ships and aircraft",Financial Managers,18,0.486,0.26,1.32,1.06
negotiating and managing contracts and agreements,All,36,0.406,6.06,5.46,-0.6
negotiating and managing contracts and agreements,Marketing Managers,36,0.406,5.46,4.35,-1.11
negotiating and managing contracts and agreements,Human Resources Managers,36,0.406,8.96,8.3,-0.66
negotiating and managing contracts and agreements,Financial Managers,36,0.406,5.72,6.36,0.64
nursing and midwifery,All,28,0.458,3.81,5.06,1.25
nursing and midwifery,Marketing Managers,28,0.458,3.11,4.68,1.57
nursing and midwifery,Human Resources Managers,28,0.458,7.41,8.13,0.72
nursing and midwifery,Financial Managers,28,0.458,3.31,4.38,1.07
occupational health and safety,All,21,0.42,0.6,0.91,0.31
occupational health and safety,Marketing Managers,21,0.42,0.6,0.97,0.37
occupational health and safety,Human Resources Managers,21,0.42,1.68,1.55,-0.13
occupational health and safety,Financial Managers,21,0.42,0.16,0.48,0.32
operating communications equipment,All,11,0.5,0.52,1.26,0.74
operating communications equipment,Marketing Managers,11,0.5,0.95,2.03,1.08
operating communications equipment,Human Resources Managers,11,0.5,0.2,0.24,0.04
operating communications equipment,Financial Managers,11,0.5,0.02,0.18,0.16
operating food processing machinery,All,11,0.5,0.78,0.93,0.15
operating food processing machinery,Marketing Managers,11,0.5,0.79,1.0,0.21
operating food processing machinery,Human Resources Managers,11,0.5,0.94,0.64,-0.3
operating food processing machinery,Financial Managers,11,0.5,0.7,0.91,0.21
"organising, planning and scheduling work and activities",All,11,0.488,1.75,1.87,0.12
"organising, planning and scheduling work and activities",Marketing Managers,11,0.488,2.35,2.11,-0.24
"organising, planning and scheduling work and activities",Human Resources Managers,11,0.488,1.27,2.38,1.11
"organising, planning and scheduling work and activities",Financial Managers,11,0.488,1.06,1.14,0.08
performing artistic or cultural activities,All,45,0.488,3.35,4.92,1.57
performing artistic or cultural activities,Marketing Managers,45,0.488,4.57,6.62,2.05
performing artistic or cultural activities,Human Resources Managers,45,0.488,3.03,2.29,-0.74
performing artistic or cultural activities,Financial Managers,45,0.488,1.66,2.73,1.07
performing calculations,All,13,0.607,1.74,1.46,-0.28
performing calculations,Marketing Managers,13,0.607,0.81,0.77,-0.04
performing calculations,Human Resources Managers,13,0.607,0.7,0.55,-0.15
performing calculations,Financial Managers,13,0.607,3.57,3.28,-0.29
performing general clerical and administrative tasks,All,26,0.495,2.63,2.64,0.01
performing general clerical and administrative tasks,Marketing Managers,26,0.495,2.57,2.44,-0.13
performing general clerical and administrative tasks,Human Resources Managers,26,0.495,2.5,2.78,0.28
performing general clerical and administrative tasks,Financial Managers,26,0.495,2.79,2.97,0.18
performing risk analysis and management,All,37,0.521,6.93,5.05,-1.88
performing risk analysis and management,Marketing Managers,37,0.521,1.67,2.4,0.73
performing risk analysis and management,Human Resources Managers,37,0.521,2.42,4.16,1.74
performing risk analysis and management,Financial Managers,37,0.521,16.68,10.82,-5.86
personal skills and development,All,7,0.407,10.62,10.95,0.33
personal skills and development,Marketing Managers,7,0.407,11.27,10.57,-0.7
personal skills and development,Human Resources Managers,7,0.407,14.04,13.49,-0.55
personal skills and development,Financial Managers,7,0.407,8.21,10.55,2.34
pharmacy,All,11,0.5,1.5,1.42,-0.08
pharmacy,Marketing Managers,11,0.5,2.44,1.78,-0.66
pharmacy,Human Resources Managers,11,0.5,0.57,1.14,0.57
pharmacy,Financial Managers,11,0.5,0.51,0.82,0.31
philosophy and ethics,All,7,0.463,2.78,6.47,3.69
philosophy and ethics,Marketing Managers,7,0.463,2.12,5.2,3.08
philosophy and ethics,Human Resources Managers,7,0.463,5.12,10.63,5.51
philosophy and ethics,Financial Managers,7,0.463,2.77,7.09,4.32
planning and scheduling events and activities,All,110,0.511,6.17,8.29,2.12
planning and scheduling events and activities,Marketing Managers,110,0.511,8.68,11.32,2.64
planning and scheduling events and activities,Human Resources Managers,110,0.511,3.93,4.86,0.93
planning and scheduling events and activities,Financial Managers,110,0.511,3.4,3.79,0.39
political sciences and civics,All,13,0.5,3.73,3.97,0.24
political sciences and civics,Marketing Managers,13,0.5,1.65,3.45,1.8
political sciences and civics,Human Resources Managers,13,0.5,2.42,4.98,2.56
political sciences and civics,Financial Managers,13,0.5,7.37,4.54,-2.83
practising sports,All,13,0.44,0.74,0.81,0.07
practising sports,Marketing Managers,13,0.44,0.5,0.73,0.23
practising sports,Human Resources Managers,13,0.44,0.78,1.1,0.32
practising sports,Financial Managers,13,0.44,1.06,0.82,-0.24
"preparing financial documents, records, reports, or budgets",All,27,0.62,3.86,3.91,0.05
"preparing financial documents, records, reports, or budgets",Marketing Managers,27,0.62,0.64,0.64,0.0
"preparing financial documents, records, reports, or budgets",Human Resources Managers,27,0.62,0.41,0.83,0.42
"preparing financial documents, records, reports, or budgets",Financial Managers,27,0.62,10.11,11.95,1.84
presenting general information,All,12,0.522,4.21,3.44,-0.77
presenting general information,Marketing Managers,12,0.522,4.44,3.66,-0.78
presenting general information,Human Resources Managers,12,0.522,3.72,2.72,-1.0
presenting general information,Financial Managers,12,0.522,4.06,3.32,-0.74
presenting research or technical information,All,18,0.621,5.47,6.49,1.02
presenting research or technical information,Marketing Managers,18,0.621,4.49,4.81,0.32
presenting research or technical information,Human Resources Managers,18,0.621,2.25,2.94,0.69
presenting research or technical information,Financial Managers,18,0.621,8.3,11.56,3.26
programming computer systems,All,26,0.61,1.05,1.5,0.45
programming computer systems,Marketing Managers,26,0.61,1.35,1.76,0.41
programming computer systems,Human Resources Managers,26,0.61,0.45,0.85,0.4
programming computer systems,Financial Managers,26,0.61,0.85,1.26,0.41
"promoting products, services, or programs",All,67,0.49,12.19,12.97,0.78
"promoting products, services, or programs",Marketing Managers,67,0.49,19.55,17.98,-1.57
"promoting products, services, or programs",Human Resources Managers,67,0.49,2.95,5.79,2.84
"promoting products, services, or programs",Financial Managers,67,0.49,5.19,6.21,1.02
"promoting, selling and purchasing",All,16,0.5,2.17,1.71,-0.46
"promoting, selling and purchasing",Marketing Managers,16,0.5,2.66,1.81,-0.85
"promoting, selling and purchasing",Human Resources Managers,16,0.5,1.11,1.44,0.33
"promoting, selling and purchasing",Financial Managers,16,0.5,1.88,1.63,-0.25
protecting privacy and personal data,All,15,0.63,0.97,1.65,0.68
protecting privacy and personal data,Marketing Managers,15,0.63,0.86,1.66,0.8
protecting privacy and personal data,Human Resources Managers,15,0.63,1.84,2.85,1.01
protecting privacy and personal data,Financial Managers,15,0.63,0.77,1.07,0.3
provide high quality client service,All,7,0.37,2.41,4.23,1.82
provide high quality client service,Marketing Managers,7,0.37,3.6,5.18,1.58
provide high quality client service,Human Resources Managers,7,0.37,0.86,2.58,1.72
provide high quality client service,Financial Managers,7,0.37,1.29,3.07,1.78
providing financial advice,All,12,0.468,3.3,2.7,-0.6
providing financial advice,Marketing Managers,12,0.468,1.24,1.65,0.41
providing financial advice,Human Resources Managers,12,0.468,0.33,0.85,0.52
providing financial advice,Financial Managers,12,0.468,7.62,5.68,-1.94
providing general assistance to people,All,38,0.469,3.73,4.05,0.32
providing general assistance to people,Marketing Managers,38,0.469,2.32,3.14,0.82
providing general assistance to people,Human Resources Managers,38,0.469,9.01,3.19,-5.82
providing general assistance to people,Financial Managers,38,0.469,3.59,6.31,2.72
providing health care or medical treatments,All,9,0.471,0.82,1.53,0.71
providing health care or medical treatments,Marketing Managers,9,0.471,1.36,1.98,0.62
providing health care or medical treatments,Human Resources Managers,9,0.471,0.45,1.02,0.57
providing health care or medical treatments,Financial Managers,9,0.471,0.17,0.86,0.69
providing information to the public and clients,All,26,0.51,10.68,10.44,-0.24
providing information to the public and clients,Marketing Managers,26,0.51,13.18,12.16,-1.02
providing information to the public and clients,Human Resources Managers,26,0.51,6.02,5.1,-0.92
providing information to the public and clients,Financial Managers,26,0.51,8.96,9.45,0.49
providing medical advice,All,27,0.393,0.55,0.85,0.3
providing medical advice,Marketing Managers,27,0.393,0.48,0.84,0.36
providing medical advice,Human Resources Managers,27,0.393,0.7,1.05,0.35
providing medical advice,Financial Managers,27,0.393,0.59,0.79,0.2
psychology,All,22,0.494,7.53,7.61,0.08
psychology,Marketing Managers,22,0.494,2.84,4.5,1.66
psychology,Human Resources Managers,22,0.494,22.64,20.0,-2.64
psychology,Financial Managers,22,0.494,8.09,8.1,0.01
recruiting and hiring,All,16,0.476,13.74,14.1,0.36
recruiting and hiring,Marketing Managers,16,0.476,7.07,8.15,1.08
recruiting and hiring,Human Resources Managers,16,0.476,47.81,49.98,2.17
recruiting and hiring,Financial Managers,16,0.476,9.15,9.29,0.14
resolving computer problems,All,5,0.526,0.88,1.2,0.32
resolving computer problems,Marketing Managers,5,0.526,1.22,1.25,0.03
resolving computer problems,Human Resources Managers,5,0.526,0.37,0.93,0.56
resolving computer problems,Financial Managers,5,0.526,0.59,1.21,0.62
responding to complaints,All,7,0.5,1.05,0.82,-0.23
responding to complaints,Marketing Managers,7,0.5,0.27,0.67,0.4
responding to complaints,Human Resources Managers,7,0.5,2.29,1.17,-1.12
responding to complaints,Financial Managers,7,0.5,1.67,0.94,-0.73
selling products or services,All,51,0.495,9.16,8.96,-0.2
selling products or services,Marketing Managers,51,0.495,12.77,11.04,-1.73
selling products or services,Human Resources Managers,51,0.495,3.36,2.64,-0.72
selling products or services,Financial Managers,51,0.495,6.26,7.74,1.48
setting up computer systems,All,15,0.517,0.59,1.07,0.48
setting up computer systems,Marketing Managers,15,0.517,0.75,1.06,0.31
setting up computer systems,Human Resources Managers,15,0.517,0.37,1.24,0.87
setting up computer systems,Financial Managers,15,0.517,0.44,1.0,0.56
social work and counselling,All,17,0.462,3.15,4.04,0.89
social work and counselling,Marketing Managers,17,0.462,3.4,5.11,1.71
social work and counselling,Human Resources Managers,17,0.462,3.11,4.64,1.53
social work and counselling,Financial Managers,17,0.462,2.79,1.6,-1.19
sociology and cultural studies,All,12,0.5,34.66,33.39,-1.27
sociology and cultural studies,Marketing Managers,12,0.5,37.48,35.54,-1.94
sociology and cultural studies,Human Resources Managers,12,0.5,40.69,30.69,-10.0
sociology and cultural studies,Financial Managers,12,0.5,27.92,30.33,2.41
software and applications development and analysis,All,118,0.559,7.85,12.11,4.26
software and applications development and analysis,Marketing Managers,118,0.559,9.57,14.18,4.61
software and applications development and analysis,Human Resources Managers,118,0.559,4.22,8.16,3.94
software and applications development and analysis,Financial Managers,118,0.559,6.83,9.8,2.97
supervising a team or group,All,50,0.4,15.75,14.86,-0.89
supervising a team or group,Marketing Managers,50,0.4,15.97,14.35,-1.62
supervising a team or group,Human Resources Managers,50,0.4,16.5,19.41,2.91
supervising a team or group,Financial Managers,50,0.4,15.09,13.73,-1.36
teacher training with subject specialisation,All,4,0.468,0.92,1.05,0.13
teacher training with subject specialisation,Marketing Managers,4,0.468,0.81,0.97,0.16
teacher training with subject specialisation,Human Resources Managers,4,0.468,1.43,1.48,0.05
teacher training with subject specialisation,Financial Managers,4,0.468,0.87,1.01,0.14
teaching academic or vocational subjects,All,38,0.497,3.83,3.45,-0.38
teaching academic or vocational subjects,Marketing Managers,38,0.497,3.12,3.33,0.21
teaching academic or vocational subjects,Human Resources Managers,38,0.497,5.77,3.73,-2.04
teaching academic or vocational subjects,Financial Managers,38,0.497,4.06,3.56,-0.5
technical or academic writing,All,43,0.626,5.65,7.77,2.12
technical or academic writing,Marketing Managers,43,0.626,4.5,6.08,1.58
technical or academic writing,Human Resources Managers,43,0.626,6.39,9.17,2.78
technical or academic writing,Financial Managers,43,0.626,7.04,10.52,3.48
therapy and rehabilitation,All,17,0.492,0.6,0.82,0.22
therapy and rehabilitation,Marketing Managers,17,0.492,0.91,0.87,-0.04
therapy and rehabilitation,Human Resources Managers,17,0.492,0.49,1.05,0.56
therapy and rehabilitation,Financial Managers,17,0.492,0.17,0.61,0.44
training on operational procedures,All,38,0.503,1.94,2.89,0.95
training on operational procedures,Marketing Managers,38,0.503,1.38,2.69,1.31
training on operational procedures,Human Resources Managers,38,0.503,2.54,3.05,0.51
training on operational procedures,Financial Managers,38,0.503,2.51,3.21,0.7
using digital tools for collaboration and productivity,All,14,0.556,5.61,6.85,1.24
using digital tools for collaboration and productivity,Marketing Managers,14,0.556,6.23,7.22,0.99
using digital tools for collaboration and productivity,Human Resources Managers,14,0.556,7.04,6.92,-0.12
using digital tools for collaboration and productivity,Financial Managers,14,0.556,4.08,6.06,1.98
using digital tools for processing sound and images,All,11,0.524,0.42,1.26,0.84
using digital tools for processing sound and images,Marketing Managers,11,0.524,0.8,2.13,1.33
using digital tools for processing sound and images,Human Resources Managers,11,0.524,0.0,0.09,0.09
using digital tools for processing sound and images,Financial Managers,11,0.524,0.03,0.03,0.0
"using word processing, publishing and presentation software",All,3,0.63,5.14,6.57,1.43
"using word processing, publishing and presentation software",Marketing Managers,3,0.63,6.27,7.04,0.77
"using word processing, publishing and presentation software",Human Resources Managers,3,0.63,3.19,5.48,2.29
"using word processing, publishing and presentation software",Financial Managers,3,0.63,4.29,6.14,1.85
wholesale and retail sales,All,31,0.508,17.43,17.5,0.07
wholesale and retail sales,Marketing Managers,31,0.508,26.75,23.89,-2.86
wholesale and retail sales,Human Resources Managers,31,0.508,3.81,7.04,3.23
wholesale and retail sales,Financial Managers,31,0.508,9.39,9.49,0.1
work efficiently,All,3,0.5,3.32,3.47,0.15
work efficiently,Marketing Managers,3,0.5,2.93,3.6,0.67
work efficiently,Human Resources Managers,3,0.5,4.71,3.21,-1.5
work efficiently,Financial Managers,3,0.5,3.29,3.33,0.04
work skills,All,8,0.5,6.88,6.9,0.02
work skills,Marketing Managers,8,0.5,2.51,3.89,1.38
work skills,Human Resources Managers,8,0.5,19.69,17.05,-2.64
work skills,Financial Managers,8,0.5,7.91,8.23,0.32
working in teams,All,39,0.394,6.82,8.18,1.36
working in teams,Marketing Managers,39,0.394,8.09,9.74,1.65
working in teams,Human Resources Managers,39,0.394,4.95,6.39,1.44
working in teams,Financial Managers,39,0.394,5.72,5.87,0.15
